person,num_test_trials,mean_true_score,mean_predicted_score,MAE,RMSE,R2,PCC
P12,5,3.3789999961853026,3.9353286743164064,0.8154187202453613,0.8833909987509749,-1.428335738135778,-0.634806254896868
P8,3,4.800000031789144,4.232063452402751,0.5679365793863932,0.5783399674134869,-49.17142414438136,0.29283577763293334
P9,3,4.918333371480306,4.230773448944092,0.6875599225362142,0.6909248488201832,-141.97497782875757,0.998160810786728
