split,loss_scaled,mae_scaled,rmse_scaled,MAE,RMSE,R2,PCC,PCC_pvalue
train,0.577835202217102,0.585354208946228,0.7601547241210938,0.5133207440376282,0.6666103005409241,0.42216487182667284,0.7820993342237456,7.654891992631689e-08
validation,0.699417769908905,0.710466206073761,0.8363119959831238,0.6230365633964539,0.7333958148956299,0.08268210292046219,0.297635355509545,0.3740515139703879
test,0.7491737008094788,0.813114583492279,0.8655481934547424,0.7130529880523682,0.7590341567993164,0.1697291965487564,0.4924064402807574,0.12388087567597793
