source_split,exercise,person,trial,camera,true_score,predicted_score,abs_error
train,E3,P10,T6,C0,2.140000104904175,3.743828296661377,1.6038281917572021
test,E3,P12,T6,C0,2.140000104904175,3.7084543704986572,1.5684542655944824
test,E3,P12,T3,C0,2.7799999713897705,3.669245719909668,0.8892457485198975
valid,E3,P11,T0,C0,4.559999942779541,3.7340753078460693,0.8259246349334717
test,E3,P12,T4,C0,2.640000104904175,3.4561798572540283,0.8161797523498535
train,E3,P7,T2,C0,4.559999942779541,4.195239067077637,0.3647608757019043
train,E3,P0,T1,C0,4.408199787139893,4.257827281951904,0.15037250518798828
train,E3,P5,T1,C0,4.619999885559082,4.6487345695495605,0.028734683990478516
