person,num_trials,mean_true_score,mean_predicted_score,MAE,RMSE,R2,PCC
P12,5,2.927999973297119,2.722992944717407,0.48547959327697754,0.5505891498824794,-0.1987077721910615,0.2108495181251945
P13,5,3.3,2.769483184814453,0.7803910255432129,0.8217054669556967,-4.459247371462411,-0.5404664501958578
P8,3,4.6533331871032715,4.504303614298503,0.1490295728047689,0.17004236200527179,-9.493150815981961,-0.9906134826185086
P9,3,4.336666584014893,4.357700030008952,0.1775024731953939,0.20392687777761004,0.5165649707295645,0.7267091098511895
