camera,num_trials,mean_true_score,mean_predicted_score,MAE,RMSE,R2,PCC
C0,16,3.6318749487400055,3.378024473786354,0.45680932700634,0.5647589729829068,0.4791249943991618,0.8144065556853011
