split,loss_scaled,mae_scaled,rmse_scaled,MAE,RMSE,R2,PCC,PCC_pvalue
train,0.08249466866254807,0.19566567242145538,0.28721883893013,0.19341765344142914,0.28391894698143005,0.9175053426194462,0.9698382449075973,1.4470439290096705e-20
validation,0.3207946717739105,0.47270673513412476,0.566387414932251,0.4672757089138031,0.5598801374435425,0.6121798062410573,0.8056719778309198,0.004898691558392137
test,0.32640987634658813,0.4621186852455139,0.5713229179382324,0.4568093419075012,0.5647589564323425,0.4791249836520832,0.8144065556853011,0.00012258388317309328
