person,num_trials,mean_true_score,mean_predicted_score,MAE,RMSE,R2,PCC
P12,5,3.3789999961853026,3.3450609683990478,0.4274247646331787,0.5778670377907106,-0.03910309175272064,0.011426625063838835
P8,3,4.800000031789144,4.436399777730306,0.3636002540588379,0.36913031877327523,-19.438520360492618,0.6584311976807924
P9,3,4.918333371480306,4.474450747172038,0.44388262430826825,0.4609197928524392,-62.62812558298188,-0.28408841390921225
