person,num_trials,mean_true_score,mean_predicted_score,MAE,RMSE,R2,PCC
P0,3,3.946666717529297,4.232803662618001,0.2861369450887044,0.32691653124229536,-0.4825357967581252,0.967374887150654
P10,5,3.137000036239624,3.2663264751434324,0.2981123924255371,0.31310249037663335,0.7675615173973119,0.9653426577462814
P14,5,3.04399995803833,3.1996508121490477,0.5084729671478272,0.5633737501342921,0.7393109483014393,0.9763552847287837
P15,5,3.6359999656677244,3.679516839981079,0.14106192588806152,0.18962103707268527,0.6586788453921701,0.9681761041378129
P2,3,4.913333415985107,4.675770918528239,0.2375624974568685,0.25562348820977443,-4.527175105410212,0.5995251435499974
P3,3,4.480000019073486,4.401231606801351,0.07876841227213542,0.0823104124765849,-2.629473352345705,0.9442592350179844
P4,3,4.49999984105428,4.399662971496582,0.1191248893737793,0.1359415833558741,0.6333310641855896,0.9602589798966636
P5,3,4.820000012715657,4.621959050496419,0.19804096221923828,0.21184688160638956,-11.945824312382987,-0.8722115463462329
P7,3,4.660000006357829,4.540483315785726,0.11951669057210286,0.12561404331980847,-0.517199013889768,0.9340153309767291
