split,loss_scaled,mae_scaled,rmse_scaled,MAE,RMSE,R2,PCC,PCC_p_value
train,0.11944645643234253,0.2714564800262451,0.34561026096343994,0.2380511462688446,0.30307960510253906,0.8805535434765003,0.9665288472747189,7.101829995512876e-20
validation,0.364218145608902,0.4820142984390259,0.6035048961639404,0.42269793152809143,0.5292378067970276,0.522311506933328,0.7833908077001528,0.004340507596337968
test,0.32104018330574036,0.4726737141609192,0.5666040778160095,0.41450661420822144,0.49687790870666504,0.644207702575028,0.8744787579936325,0.0004282576039235926
