split,camera,num_samples,mean_score,good_count,bad_count
test,C1,16,3.6318750000000004,6,10
train,C1,33,3.7461606060606063,19,14
valid,C1,11,3.627272727272727,5,6
