person,num_test_trials,mean_true_score,mean_predicted_score,MAE,RMSE,R2,PCC
P12,19,3.137631893157959,3.837317943572998,0.8051536083221436,0.9363086819648743,-1.446537502480612,-0.013673922807091649
P13,20,3.6447501182556152,3.7919704914093018,0.5044959187507629,0.5978135466575623,0.07694921496969365,0.39348397688862957
P8,20,4.734999656677246,4.635828018188477,0.18193300068378448,0.21636554598808289,0.24660553424299902,0.641148870383896
P9,20,4.60675048828125,4.5911359786987305,0.27339476346969604,0.3452126681804657,0.09304870283703481,0.3262605255601676
