person,num_trials,mean_true_score,mean_predicted_score,MAE,RMSE,R2,PCC
P12,5,3.3789999961853026,3.7371512413024903,0.6648695945739747,0.6974847755740753,-0.5138130921099795,0.16205982771074978
P8,3,4.800000031789144,4.4982673327128095,0.30173269907633465,0.3075971660397656,-13.192361878625299,0.6994885646876592
P9,3,4.918333371480306,4.66836945215861,0.24996391932169595,0.289319812068413,-24.07002471798627,0.660665912003321
