camera,num_trials,mean_true_score,mean_predicted_score,MAE,RMSE,R2,PCC
C1,11,4.186363653703169,4.198696960102428,0.4526761661876332,0.5193869613147165,0.6112420953104177,0.8170510014275464
