split,loss_scaled,mae_scaled,rmse_scaled,MAE,RMSE,R2,PCC,PCC_pvalue
train,0.3227030038833618,0.40946251153945923,0.5680695176124573,0.3590741753578186,0.498163104057312,0.677297026425357,0.8995699480777193,1.1058957223626177e-12
validation,0.5112045407295227,0.6256289482116699,0.7149856686592102,0.5486392974853516,0.6269998550415039,0.3295321524121312,0.5743220515835459,0.06462385394680019
test,0.3507857620716095,0.5161994695663452,0.5922716856002808,0.4526761770248413,0.5193869471549988,0.6112420889809573,0.8170510014275464,0.0021383686935186087
