person,num_trials,mean_true_score,mean_predicted_score,MAE,RMSE,R2,PCC
P12,5,2.927999973297119,3.0320198059082033,0.5400234222412109,0.592918398689232,-0.390105871590114,-0.35540586201442054
P13,5,3.3,2.7414331436157227,0.5585668563842774,0.6271913764323053,-2.1805379182880587,0.5898384307343477
P8,3,4.6533331871032715,4.386488755544026,0.2668444315592448,0.3341732038725133,-39.52610841342027,0.9621565611134486
P9,3,4.336666584014893,4.160087426503499,0.19884268442789713,0.30565313518741344,-0.08604266173500497,0.705066221641285
