split,loss_scaled,mae_scaled,rmse_scaled,MAE,RMSE,R2,PCC,PCC_p_value
train,0.029008030891418457,0.11530450731515884,0.17031744122505188,0.11397972702980042,0.16836059093475342,0.9709919923693112,0.9892183794890806,1.9649798493012903e-27
validation,0.4137169420719147,0.5424086451530457,0.6432083249092102,0.5361769795417786,0.635818362236023,0.49984278488810086,0.7418184279709502,0.014040598963293455
test,0.27758505940437317,0.43563079833984375,0.5268633961677551,0.4306257963180542,0.5208102464675903,0.557038196823302,0.8058848738630034,0.00016383294560934602
