person,num_trials,mean_true_score,mean_predicted_score,MAE,RMSE,R2,PCC
P0,3,4.262233416239421,4.291029294331868,0.037330945332845054,0.05374942173066875,0.5944312633897456,0.8588435446134635
P10,5,2.3946600198745727,2.4734928607940674,0.11331827640533447,0.1498493235039973,0.9690620291462814,0.9973380912078181
P14,5,3.1839999675750734,3.1362979412078857,0.14873628616333007,0.18894262283922625,0.9604914277371055,0.994812600111392
P15,5,3.1366600036621093,3.18013482093811,0.2514536380767822,0.3166160419310065,0.7635467947438708,0.9885042646352871
P2,3,4.733333110809326,4.5771565437316895,0.15617656707763672,0.17541331126201717,-345.16124513879765,-0.4462418158419885
P3,3,4.413333415985107,4.424625078837077,0.022336165110270183,0.02335931917450883,0.12304830401439648,0.6249890873084201
P4,3,4.473333358764648,4.430735905965169,0.0751943588256836,0.07903506917158615,-0.0488616914136728,0.5086294447128595
P5,3,4.246666590372722,4.2785952885945635,0.031928698221842446,0.03890524894884654,-0.06425227752465124,0.9370207881580273
P7,3,4.553333282470703,4.478370030721028,0.07496325174967448,0.07637906583935421,-0.3393866181053953,0.9808964829720878
