exercise,person,trial,true_score,predicted_score,abs_error
E3,P12,T0,4.64,3.4474583,1.1925416
E3,P12,T3,2.78,3.818339,1.0383391
E3,P12,T4,2.64,3.4975612,0.8575611
E3,P12,T5,3.66,3.5102723,0.14972782
E3,P12,T6,2.14,3.6432216,1.5032215
E3,P8,T0,3.94,4.430286,0.49028587
E3,P8,T1,4.02,4.2563033,0.23630333
E3,P8,T2,4.06,4.2945023,0.23450232
E3,P9,T0,3.4694,4.5615063,1.0921063
E3,P9,T1,3.4,4.534007,1.134007
E3,P9,T2,3.7,4.459588,0.759588
