person,num_trials,mean_true_score,mean_predicted_score,MAE,RMSE,R2,PCC
P12,5,3.3789999961853026,3.659033203125,0.6352445602416992,0.7114537033598689,-0.5750562948652549,-0.47590645129308073
P8,3,4.800000031789144,4.458392937978108,0.34160709381103516,0.3693086442890227,-19.45827268032112,-0.9962974904471001
P9,3,4.918333371480306,4.763230641682942,0.15510272979736328,0.16771972349884917,-7.42493752448577,0.4380522572848003
