camera,num_trials,mean_true_score,mean_predicted_score,MAE,RMSE,R2,PCC
C2,11,4.186363653703169,4.178185159509832,0.42421384291215375,0.5243513916617489,0.6037748879624191,0.8031538230137966
