split,loss_scaled,mae_scaled,rmse_scaled,MAE,RMSE,R2,PCC,PCC_pvalue
train,0.25730231404304504,0.35678380727767944,0.5072497725486755,0.31287816166877747,0.44482776522636414,0.7426977254222397,0.9020980221067958,7.584325830283006e-13
validation,0.3884982168674469,0.5534387826919556,0.6232962608337402,0.4853328466415405,0.5465936064720154,0.49046711950385413,0.7210165581579211,0.012285829840135501
test,0.357523649930954,0.48374316096305847,0.5979328155517578,0.42421385645866394,0.5243513584136963,0.6037748855574141,0.8031538230137966,0.0029098679691548415
