person,num_trials,mean_true_score,mean_predicted_score,MAE,RMSE,R2,PCC
P12,5,2.927999973297119,2.975439119338989,0.5059098720550537,0.5651366640325008,-0.26288844909045617,-0.4772769201854612
P13,5,3.3,2.9722167015075684,0.3479267120361328,0.4179065858595938,-0.41207853527700045,0.6964994902635364
P8,3,4.6533331871032715,4.319547812143962,0.3337853749593099,0.3377859248671921,-40.407094273914865,0.26296695859211383
P9,3,4.336666584014893,4.666027545928955,0.4058535893758138,0.4558643234535516,-1.4157967123350081,-0.9996993593175355
