camera,num_trials,mean_true_score,mean_predicted_score,MAE,RMSE,R2,PCC
C2,16,3.6318749487400055,3.543437823653221,0.4055062383413315,0.4634019350818382,0.6493103694417098,0.8251195972587533
