split,loss_scaled,mae_scaled,rmse_scaled,MAE,RMSE,R2,PCC,PCC_pvalue
train,0.1204562857747078,0.23383958637714386,0.3470681309700012,0.2311529666185379,0.34308061003685,0.8795437303008553,0.945784922584435,1.0845684003677491e-16
validation,0.3961321711540222,0.5228806734085083,0.629390299320221,0.5168731808662415,0.6221591234207153,0.5211016800566765,0.8844175122484174,0.000677643182887464
test,0.21976205706596375,0.4102192521095276,0.4687878489494324,0.4055062532424927,0.4634019434452057,0.6493103622045225,0.8251195972587533,8.333760066332255e-05
