person,num_trials,mean_true_score,mean_predicted_score,MAE,RMSE,R2,PCC
P12,5,2.927999973297119,3.0878724575042726,0.5285933971405029,0.5541395471990831,-0.21421701574028962,-0.1302749469123843
P13,5,3.3,2.8329774379730224,0.46702256202697756,0.49436439380052266,-0.9760357059899458,0.9318253073380841
P8,3,4.6533331871032715,4.4653120040893555,0.20132525761922201,0.291862786311382,-29.913565991185475,-0.25183855386608034
P9,3,4.336666584014893,4.312997976938884,0.2065099080403646,0.2300451996818158,0.3848011337454449,0.8405364230725529
