camera,num_trials,mean_true_score,mean_predicted_score,MAE,RMSE,R2,PCC
C1,16,3.6318749487400055,3.4961987137794495,0.38759908080101013,0.44522803131717553,0.6762779831267058,0.8475746077283379
