split,loss_scaled,mae_scaled,rmse_scaled,MAE,RMSE,R2,PCC,PCC_pvalue
train,0.07661128789186478,0.18268939852714539,0.2767874300479889,0.1805904358625412,0.27360737323760986,0.9233887439671791,0.9689033507256826,2.3076050899624757e-20
validation,0.27031269669532776,0.45265311002731323,0.5199160575866699,0.4474525451660156,0.5139426589012146,0.6907790286112185,0.8323583937474404,0.001477392165836645
test,0.20286260545253754,0.39210397005081177,0.45040270686149597,0.38759908080101013,0.44522804021835327,0.6762779766433292,0.8475746077283379,3.3918867298910413e-05
