split,camera,num_samples,mean_score,good_count,bad_count
test,C1,9,3.258688888888889,4,5
train,C1,38,4.077368421052632,26,12
valid,C1,8,3.9936750000000005,5,3
