source_split,exercise,person,trial,camera,true_score,predicted_score,abs_error
train,E3,P10,T5,C1,1.440000057220459,3.4629902839660645,2.0229902267456055
train,E3,P10,T6,C1,2.140000104904175,3.915292501449585,1.7752923965454102
test,E3,P12,T6,C1,2.140000104904175,3.7169430255889893,1.5769429206848145
valid,E3,P11,T0,C1,4.559999942779541,3.3141965866088867,1.2458033561706543
test,E3,P12,T4,C1,2.640000104904175,3.7005527019500732,1.0605525970458984
test,E3,P12,T3,C1,2.7799999713897705,3.6770472526550293,0.8970472812652588
train,E3,P5,T0,C1,4.579999923706055,4.352436542510986,0.22756338119506836
train,E3,P7,T1,C1,4.639999866485596,4.522786617279053,0.11721324920654297
train,E3,P0,T1,C1,4.408199787139893,4.456647872924805,0.04844808578491211
