source_split,exercise,person,trial,camera,true_score,predicted_score,abs_error
train,E3,P0,T1,C2,4.408199787139893,4.5378289222717285,0.12962913513183594
train,E3,P10,T6,C2,2.140000104904175,3.830526113510132,1.690526008605957
train,E3,P5,T1,C2,4.619999885559082,4.38381290435791,0.23618698120117188
train,E3,P7,T2,C2,4.559999942779541,4.30613374710083,0.25386619567871094
valid,E3,P11,T0,C2,4.559999942779541,3.434088706970215,1.1259112358093262
test,E3,P12,T3,C2,2.7799999713897705,3.902662992477417,1.1226630210876465
test,E3,P12,T4,C2,2.640000104904175,3.8543264865875244,1.2143263816833496
test,E3,P12,T6,C2,2.140000104904175,3.9517412185668945,1.8117411136627197
