split,camera,num_samples,mean_score,good_count,bad_count
test,C0,11,4.1863636363636365,7,4
test,C1,11,4.1863636363636365,7,4
test,C2,11,4.1863636363636365,7,4
train,C0,33,3.9710606060606057,19,14
train,C1,33,3.9710606060606057,19,14
train,C2,33,3.9710606060606057,19,14
valid,C0,11,4.075,7,4
valid,C1,11,4.075,7,4
valid,C2,11,4.075,7,4
