person,num_trials,mean_true_score,mean_predicted_score,MAE,RMSE,R2,PCC
P12,15,3.3789999961853026,3.5381215731302897,0.5837711016337077,0.6690455933807257,-0.3928816635636565,-0.15544147024222216
P8,9,4.800000031789144,4.516205257839626,0.2967081599765354,0.32673523899693707,-15.013341645756785,-0.22999560191687413
P9,9,4.918333371480306,4.750448226928711,0.17746448516845703,0.214153587930364,-12.73564707328743,0.3618085229714684
