camera,num_trials,mean_true_score,mean_predicted_score,MAE,RMSE,R2,PCC
C0,11,4.186363653703169,4.071221221577037,0.38150887055830524,0.5154445010517724,0.6171215100365579,0.797672577521754
C1,11,4.186363653703169,4.164552146738226,0.36620267954739655,0.4407100538212029,0.7200998939066314,0.8718933194396711
C2,11,4.186363653703169,4.170745264400136,0.43629938905889337,0.524742095416703,0.6031841989086149,0.8018746254963361
