split,loss_scaled,mae_scaled,rmse_scaled,MAE,RMSE,R2,PCC,PCC_pvalue
train,0.27286046743392944,0.3763919770717621,0.5223605036735535,0.3300732970237732,0.4580789804458618,0.7271395512890597,0.87990940969245,4.1072683322499384e-33
validation,0.34995707869529724,0.5122540593147278,0.5915716886520386,0.4492163062095642,0.5187731385231018,0.5410154735846492,0.7373010331951152,9.870148675630887e-07
test,0.31873100996017456,0.45103392004966736,0.5645626783370972,0.394670307636261,0.4950631856918335,0.646801865959312,0.8144964213308806,8.046290601477472e-09
