person,num_test_trials,mean_true_score,mean_predicted_score,MAE,RMSE,R2,PCC
P12,5,2.927999973297119,3.5652734279632567,0.6372734546661377,0.7735373024699768,-1.3660316342746452,0.4897670258002834
P13,5,3.3,3.5804941177368166,0.5627768516540528,0.6016448368031889,-1.9267175301708757,-0.6800098230609478
P8,3,4.6533331871032715,4.2323347727457685,0.42099841435750324,0.4307103402397367,-66.32281287191982,-0.34848268601741034
P9,3,4.336666584014893,3.9162140687306723,0.4204525152842204,0.5549682951680621,-2.5803503149329323,-0.9172996086837765
