split,loss_scaled,mae_scaled,rmse_scaled,MAE,RMSE,R2,PCC,PCC_pvalue
train,0.2934976816177368,0.38513603806495667,0.5417542457580566,0.380711168050766,0.5355300307273865,0.7065023346000783,0.9107391237621365,1.9255951620347136e-13
validation,0.5374799370765686,0.5639156699180603,0.7331302165985107,0.5574368238449097,0.7247071862220764,0.3502212770195474,0.7803334563567602,0.007739549953938329
test,0.40181657671928406,0.5389801859855652,0.6338900327682495,0.5327877998352051,0.6266072392463684,0.3587932983369404,0.6737142973914017,0.004218337040537293
