person,num_test_trials,mean_true_score,mean_predicted_score,MAE,RMSE,R2,PCC
P12,19,3.137631893157959,3.6111655235290527,0.6908528804779053,0.8347744345664978,-0.9446974895886735,-0.10457213031560589
P13,20,3.6447501182556152,3.4859108924865723,0.45989665389060974,0.6175296902656555,0.015059796769769984,0.28325731360466355
P8,20,4.734999656677246,4.599985599517822,0.19694188237190247,0.25789201259613037,-0.0703405846628955,0.617733448008777
P9,20,4.60675048828125,4.68691349029541,0.26056328415870667,0.3394012749195099,0.12332723479991381,0.415507601110897
