person,num_trials,mean_true_score,mean_predicted_score,MAE,RMSE,R2,PCC
P12,5,2.927999973297119,3.123251724243164,0.5539365768432617,0.5726314860281854,-0.2966073273711327,-0.0945524426676685
P13,5,3.3,3.03257269859314,0.4028127193450928,0.48214403790958893,-0.8795506013113898,0.04212654280034706
P8,3,4.6533331871032715,4.312595049540202,0.34073813756306964,0.3464783343120953,-42.565612341914935,0.8162015576941272
P9,3,4.336666584014893,4.46245272954305,0.30484898885091144,0.3533450755894766,-0.4514004787970056,0.0041464864678365165
