split,loss_scaled,mae_scaled,rmse_scaled,MAE,RMSE,R2,PCC,PCC_p_value
train,0.015469789505004883,0.08332227170467377,0.12437760829925537,0.08236497640609741,0.12294860929250717,0.984530214048512,0.9969330751593498,7.137454486152705e-36
validation,0.454152911901474,0.5449118614196777,0.6739087104797363,0.5386512875556946,0.6661660075187683,0.45095828777340774,0.7722232690366062,0.008853144287287049
test,0.2262020707130432,0.42491352558135986,0.4756070673465729,0.42003172636032104,0.47014284133911133,0.6390335241887963,0.804222484951573,0.0001730894859564709
