person,num_trials,mean_true_score,mean_predicted_score,MAE,RMSE,R2,PCC
P0,3,4.262233416239421,4.270387967427571,0.040225982666015625,0.048846114788474344,0.6650523547783742,0.8321787540594051
P10,5,2.3946600198745727,2.5133556127548218,0.1358935832977295,0.17689977520241978,0.9568841636642791,0.9960268074130368
P14,5,3.1839999675750734,3.2379576206207275,0.13743886947631836,0.15801687294080935,0.9723663417474209,0.9955832582233524
P15,5,3.1366600036621093,3.2124659061431884,0.13334975242614747,0.17936657881107276,0.9241138667821537,0.9955823769632076
P2,3,4.733333110809326,4.611620267232259,0.12171284357706706,0.1219934469007567,-166.4273315678268,0.9503630290985647
P3,3,4.413333415985107,4.41769282023112,0.012814044952392578,0.016343309356866623,0.570725280043805,0.799166443189078
P4,3,4.473333358764648,4.462629795074463,0.01626284917195638,0.02060524047443677,0.9287091286674684,0.9992270262221888
P5,3,4.246666590372722,4.232107321421306,0.014559268951416016,0.014827385649436819,0.8454185567633448,0.9972274831377487
P7,3,4.553333282470703,4.540521621704102,0.02263609568277995,0.026609246862339588,0.8374367264856073,0.9452189704770194
