split,camera,num_samples,mean_score,good_count,bad_count
test,C0,16,3.6318750000000004,6,10
test,C1,16,3.6318750000000004,6,10
test,C2,16,3.6318750000000004,6,10
train,C0,33,3.7461606060606063,19,14
train,C1,33,3.7461606060606063,19,14
train,C2,33,3.7461606060606063,19,14
valid,C0,10,3.518,4,6
valid,C1,10,3.518,4,6
valid,C2,10,3.518,4,6
