person,num_trials,mean_true_score,mean_predicted_score,MAE,RMSE,R2,PCC
P12,15,2.927999973297119,2.990427017211914,0.525855827331543,0.5823608082352502,-0.3410417658831779,-0.0825779323382635
P13,15,3.3,2.943060366312663,0.479667059580485,0.5408042587888758,-1.364724912884356,0.17742464399249358
P8,9,4.6533331871032715,4.499094698164198,0.189412964714898,0.23424350498830826,-18.912545103650324,-0.37076996527038786
P9,9,4.336666584014893,4.543230639563666,0.30019601186116535,0.3276900328548334,-0.24829042591507466,0.5091140517805874
