camera,num_trials,mean_true_score,mean_predicted_score,MAE,RMSE,R2,PCC
C0,16,3.6318749487400055,3.5423076152801514,0.4203728139400482,0.5135223811314212,0.5693484730273007,0.7958124726500835
C1,16,3.6318749487400055,3.4477427899837494,0.39600127935409546,0.4630285384628502,0.6498752939962738,0.8598273123662425
C2,16,3.6318749487400055,3.658902019262314,0.4017086625099182,0.45310365405449915,0.6647240763046164,0.8231950614721375
