split,loss_scaled,mae_scaled,rmse_scaled,MAE,RMSE,R2,PCC,PCC_pvalue
train,0.18493534624576569,0.277741014957428,0.43004110455513,0.27455005049705505,0.4251003563404083,0.8150646437344704,0.9165339913373696,2.1863727061450264e-40
validation,0.28768789768218994,0.4587247669696808,0.5363654494285583,0.4534544348716736,0.5302031636238098,0.6522037281317273,0.8504103669096754,2.690566246781962e-09
test,0.23312723636627197,0.41074666380882263,0.48283252120018005,0.40602755546569824,0.477285236120224,0.6279826084086864,0.820668299974896,9.314716219761074e-13
