person,num_trials,mean_true_score,mean_predicted_score,MAE,RMSE,R2,PCC
P12,5,3.3789999961853026,3.4078627586364747,0.3717319488525391,0.504849139946864,0.20690349967021304,0.538199486179255
P8,3,4.800000031789144,4.382555961608887,0.41744407018025714,0.47748362363866237,-33.19849378365584,-0.9474158669266813
P9,3,4.918333371480306,4.775436083475749,0.14289728800455728,0.16605695379274737,-7.258716289756748,0.9939765528638012
