split,loss_scaled,mae_scaled,rmse_scaled,MAE,RMSE,R2,PCC,PCC_p_value
train,0.10845356434583664,0.2448393553495407,0.329322874546051,0.21470952033996582,0.2887965440750122,0.8915464350193677,0.9794987599591641,3.894006664360415e-23
validation,0.34978148341178894,0.4777910113334656,0.5914232730865479,0.41899430751800537,0.5186429619789124,0.5412457552702081,0.7989298765329703,0.003180756115232314
test,0.24128085374832153,0.3669455647468567,0.4912034869194031,0.3217894434928894,0.43075621128082275,0.7326007413512522,0.8835392200056773,0.0003098743857228248
