person,num_trials,mean_true_score,mean_predicted_score,MAE,RMSE,R2,PCC
P0,3,3.946666717529297,4.147315979003906,0.20064926147460938,0.2467767532605633,0.1552272110475672,0.989600334036911
P10,5,3.137000036239624,3.3097331047058107,0.29803175926208497,0.32820826385011914,0.744592285195705,0.9887030300957352
P14,5,3.04399995803833,3.2789536476135255,0.5004968643188477,0.5422872123961869,0.7584604214907618,0.993361476985487
P15,5,3.6359999656677244,3.7255474090576173,0.12489042282104493,0.18596197689065716,0.6717244937005513,0.9763442727278759
P2,3,4.913333415985107,4.6703446706136065,0.24298874537150064,0.2835637801152059,-5.801476850027846,-0.14374305020696798
P3,3,4.480000019073486,4.441789309183757,0.03821070988972982,0.039761263732167526,0.15305654873845398,0.9835163985134832
P4,3,4.49999984105428,4.398857434590657,0.13553222020467123,0.1495043854878478,0.556516634554612,0.9188689382615309
P5,3,4.820000012715657,4.713516076405843,0.10648393630981445,0.11773025800644277,-2.9981745407135145,0.615623255568189
P7,3,4.660000006357829,4.561091899871826,0.09890810648600261,0.10507699973273535,-0.06165030607643618,0.9759744169279284
