split,camera,num_samples,mean_score,good_count,bad_count
test,C1,11,3.4954000000000005,3,8
train,C1,33,4.014187878787878,24,9
valid,C1,11,4.118181818181818,8,3
