person,num_trials,mean_true_score,mean_predicted_score,MAE,RMSE,R2,PCC
P12,5,3.3789999961853026,3.5052778244018556,0.6477529525756835,0.7717575187457288,-0.8533802486823869,-0.8240278369944201
P8,3,4.800000031789144,4.559247811635335,0.2407522201538086,0.27446531645712485,-10.299649162086348,-0.8348821899944625
P9,3,4.918333371480306,4.67810583114624,0.24022754033406576,0.2776017915380253,-22.080379350869904,-0.9795123366196324
