camera,num_trials,mean_true_score,mean_predicted_score,MAE,RMSE,R2,PCC
C0,11,4.186363653703169,4.112586368214,0.4256094585765492,0.5588324055574112,0.5499504715827588,0.7488376104408258
