split,loss_scaled,mae_scaled,rmse_scaled,MAE,RMSE,R2,PCC,PCC_pvalue
train,0.3238002061843872,0.3990349769592285,0.5690344572067261,0.3499298691749573,0.49900928139686584,0.6761998085462935,0.8731855951172073,3.4021461458781296e-11
validation,0.39487913250923157,0.5475086569786072,0.6283940672874451,0.48013240098953247,0.5510641932487488,0.48209827681614636,0.707781513716439,0.01481797614434737
test,0.40609073638916016,0.485334575176239,0.6372525095939636,0.4256094694137573,0.5588324069976807,0.5499504703858829,0.7488376104408258,0.00800334501855546
