camera,num_test_trials,mean_true_score,mean_predicted_score,MAE,RMSE,R2,PCC
C1,16,3.6318749487400055,3.600070580840111,0.42288945615291595,0.5138973060962423,0.568719402293097,0.7665192068838986
